零件,数量,STL X mm,STL Y mm,STL Z mm,连通体,非流形边,建议姿态
V4_01_ballast_base,1,120.0,110.0,24.0,1,0,底面朝下；切片前检查孔径与支撑
V4_02_base_lid_and_socket,1,120.0,110.0,39.0,1,0,底面朝下；切片前检查孔径与支撑
V4_03_lower_guide_mast190,1,35.0,190.0,30.0,1,0,后面平放，半搭接槽朝上；端面螺母/头部沉孔需校准
V4_04_upper_guide_mast190,1,35.0,190.0,30.0,1,0,前面平放，半搭接槽朝上；必须保证外导向表面平顺
V4_05_indexed_80mm_carriage,1,43.6,65.3,80.0,1,0,导向孔竖直；后方丝杆螺母座悬挑处用局部支撑，勿损坏滑动内壁
V4_06_arm_and_fixed_pitch_fork,1,40.0,143.5,40.6,1,0,侧面平放并用局部支撑，保证悬臂长向层内强度
V4_07_pitch_carrier,1,20.0,25.17,25.0,1,0,转轴端面朝下，安装耳局部支撑
V4_08_electronics_tray,1,94.0,94.0,27.0,1,0,托盘顶面朝下，支脚向上
V4_09_lead_screw_top_cap,1,40.0,65.0,21.0,1,0,顶盖上平面朝下，内插键向上
